-- phpMyAdmin SQL Dump
-- version 4.8.1
-- https://www.phpmyadmin.net/
--
-- Host: 127.0.0.1
-- Generation Time: Jul 05, 2019 at 06:42 PM
-- Server version: 10.1.33-MariaDB
-- PHP Version: 7.2.6

SET SQL_MODE = "NO_AUTO_VALUE_ON_ZERO";
SET AUTOCOMMIT = 0;
START TRANSACTION;
SET time_zone = "+00:00";


/*!40101 SET @OLD_CHARACTER_SET_CLIENT=@@CHARACTER_SET_CLIENT */;
/*!40101 SET @OLD_CHARACTER_SET_RESULTS=@@CHARACTER_SET_RESULTS */;
/*!40101 SET @OLD_COLLATION_CONNECTION=@@COLLATION_CONNECTION */;
/*!40101 SET NAMES utf8mb4 */;

--
-- Database: `laravelfinalhope`
--

-- --------------------------------------------------------

--
-- Table structure for table `boardings`
--

CREATE TABLE `boardings` (
  `id` int(11) NOT NULL,
  `address_of_boarding` varchar(255) NOT NULL,
  `accomadation_type` varchar(5) NOT NULL,
  `available_for` varchar(5) NOT NULL,
  `number_of_boarders` int(11) NOT NULL,
  `rent` decimal(10,2) NOT NULL,
  `security_cam_available` varchar(30) NOT NULL,
  `near_to` varchar(40) NOT NULL,
  `user_id` int(10) UNSIGNED NOT NULL,
  `rules` varchar(200) DEFAULT NULL,
  `available` int(11) NOT NULL DEFAULT '1',
  `created_at` timestamp NOT NULL DEFAULT CURRENT_TIMESTAMP ON UPDATE CURRENT_TIMESTAMP,
  `updated_at` timestamp NOT NULL DEFAULT CURRENT_TIMESTAMP ON UPDATE CURRENT_TIMESTAMP
) ENGINE=InnoDB DEFAULT CHARSET=latin1;

--
-- Dumping data for table `boardings`
--

INSERT INTO `boardings` (`id`, `address_of_boarding`, `accomadation_type`, `available_for`, `number_of_boarders`, `rent`, `security_cam_available`, `near_to`, `user_id`, `rules`, `available`, `created_at`, `updated_at`) VALUES
(2, 'No. 212 ,Ramanathan Road ,Thinnavely ,Jaffna', 'Room', 'Boys', 18, '3000.00', 'Available', 'new Abirami', 3, 'Don\'t bring up friends for rooms and don\'t keep them without asking the owner', 1, '2019-02-14 17:03:46', '2019-02-14 17:03:46'),
(3, 'No. 228/16 ,Ramanathan Road ,Thinnavely ,Jaffna', 'House', 'Boys', 15, '1800.00', 'Not Available', 'new Abirami', 3, 'can not damage the property', 1, '2019-02-14 17:46:20', '2019-02-14 17:46:20'),
(4, 'No. 161 (531) Palaly Road ,Jaffna', 'House', 'Boys', 12, '2500.00', 'Not Available', 'northway jaffna', 4, 'can not damage the property ,Can not use alcohol', 1, '2019-02-15 02:45:53', '2019-02-14 21:15:53'),
(5, 'No .163 (531) Palaly road ,Jaffna', 'House', 'Boys', 13, '3000.00', 'Not Available', 'northway jaffna', 4, 'don\'t use alcohol in boarding', 1, '2019-02-14 19:09:54', '2019-02-14 19:09:54'),
(6, '38/A , 2nd Lane , Nallur Rd ,Jaffna', 'Room', 'Boys', 6, '25000.00', 'Available', 'Gajan wedding hall', 5, 'Can not make loud noice', 1, '2019-02-14 19:21:17', '2019-02-14 19:21:17'),
(7, 'No. 160 ,Potpathy Road ,Kokuvil East ,Kondavil', 'House', 'Boys', 14, '1000.00', 'Not Available', 'Niru Motor Bajaj Dealer', 6, 'One room not usable .cannot damage the walls', 1, '2019-02-14 19:32:40', '2019-02-14 19:32:40'),
(8, 'Krishna Kantham ,Kokuvil east Kokuvil', 'House', 'Boys', 15, '2500.00', 'Not Available', 'Tharuka Bakery', 7, 'Can not be disturb to the neighbourhood', 1, '2019-02-15 02:52:50', '2019-02-14 21:22:50'),
(9, 'No .72/26 ,Panikkar valavu lane ,Thirunelvely', 'House', 'Girls', 15, '3000.00', 'Not Available', 'Narthan Emporiaum', 8, 'Boys can\'t enter into house ,Everyone should come to house before 8.00 clock', 1, '2019-02-14 19:52:35', '2019-02-14 19:52:35'),
(10, 'No  96,Campus Lane ,Thirunalweli ,Jaffna', 'House', 'Girls', 15, '3500.00', 'Available', 'new Girls Hostal university of jaffna', 9, 'should pay the rent before 10th of  month', 1, '2019-02-14 20:02:04', '2019-02-14 20:02:04'),
(11, 'No. 81 ,Palaly Road kantharamadam ,Jaffna', 'House', 'Boys', 12, '3000.00', 'Not Available', 'the pizza', 10, 'Need to give the boarding fees before 25th of the month', 1, '2019-02-14 20:19:12', '2019-02-14 20:19:12'),
(12, 'No.10 ,new 16 /8 ,Campus lane ,Thinnavely Jaffna', 'House', 'Girls', 8, '2000.00', 'Not Available', 'university peoples bank', 11, 'Boys not allowed to enter the boarding', 1, '2019-02-14 20:37:42', '2019-02-14 20:37:42'),
(13, 'No .33 ,Browns Road, Kokuvil East ,Kokuvil', 'Room', 'Girls', 26, '25000.00', 'Available', 'Kokuvil Railway Station', 12, 'Boys cannot enter the premeses .Boarding fees should pay in time', 1, '2019-02-15 00:25:40', '2019-02-15 00:25:40'),
(14, 'N0 .42/A ,3rd Parameswaram lane ,Thinnevely ,Jaffna', 'House', 'Girls', 25, '3000.00', 'Not Available', 'university peoples bank', 13, 'Boys can not enter the premeses', 1, '2019-02-15 00:36:54', '2019-02-15 00:36:54'),
(15, 'Rupan\'s villa ,campus lane ,Thirunelveli ,Jaffna', 'Room', 'Girls', 19, '3500.00', 'Available', 'University Playgrounds', 14, 'should come before 9.00\'o clock', 1, '2019-02-15 00:52:35', '2019-02-15 00:52:35'),
(16, 'No 18 ,Adiyapatham Road ,Kokuvil East ,Kokuvil', 'Room', 'Girls', 22, '3000.00', 'Available', 'Daily food city', 15, 'can\'t damge the walls', 1, '2019-02-15 01:29:26', '2019-02-15 01:29:26'),
(17, 'No.3A Adiyapathan Road, Kokuvil ,Jaffna', 'Room', 'Girls', 15, '3000.00', 'Available', 'Daily food city', 15, 'Can\'t go out after 7\'o clock', 1, '2019-02-15 01:33:00', '2019-02-15 01:33:00'),
(18, 'No ,34/1, Parameswaren Road ,thirunelvely Jaffna', 'Room', 'Girls', 10, '3000.00', 'Not Available', 'thirunelvely junction', 16, 'boys should not come near to boading', 1, '2019-02-15 01:50:33', '2019-02-15 01:50:33'),
(19, 'No .11 .Pirampady Lane ,Thalaiyali ,Kokuvil East ,Kokuvil', 'House', 'Boys', 10, '2000.00', 'Not Available', 'harmony center Jaffna', 17, 'no conditions', 1, '2019-02-15 01:58:48', '2019-02-15 01:58:48'),
(24, 'gsdgsdfdsf', 'House', 'Girls', 22, '25000.00', 'Available', 'wqeweqw', 2, 'get', 0, '2019-06-28 10:21:36', '2019-06-28 10:21:36'),
(25, 'masdjk', 'House', 'Girls', 2, '2334.00', 'Available', 'adas', 2, 'fsdf', 1, '2019-06-28 07:54:48', '2019-06-28 07:54:48');

-- --------------------------------------------------------

--
-- Table structure for table `boarding_ratings`
--

CREATE TABLE `boarding_ratings` (
  `boarding_id` int(11) NOT NULL,
  `rate` double NOT NULL DEFAULT '0',
  `created_at` timestamp NOT NULL DEFAULT CURRENT_TIMESTAMP ON UPDATE CURRENT_TIMESTAMP,
  `updated_at` timestamp NOT NULL DEFAULT CURRENT_TIMESTAMP ON UPDATE CURRENT_TIMESTAMP
) ENGINE=InnoDB DEFAULT CHARSET=latin1;

--
-- Dumping data for table `boarding_ratings`
--

INSERT INTO `boarding_ratings` (`boarding_id`, `rate`, `created_at`, `updated_at`) VALUES
(2, 3, '2019-06-25 20:58:19', '2019-06-25 20:58:19'),
(3, 0, '2019-06-25 20:25:59', '2019-06-25 20:25:59'),
(4, 4, '2019-06-26 04:27:34', '2019-06-26 04:27:34'),
(5, 0, '2019-06-25 20:27:37', '2019-06-25 20:27:37'),
(6, 4, '2019-06-26 07:43:17', '2019-06-26 07:43:17'),
(7, 5, '2019-06-26 07:41:23', '2019-06-26 07:41:23'),
(8, 4.5, '2019-06-26 07:42:20', '2019-06-26 07:42:20'),
(9, 0, '2019-06-25 20:28:51', '2019-06-25 20:28:51'),
(10, 0, '2019-06-25 20:29:28', '2019-06-25 20:29:28'),
(11, 0, '2019-06-25 20:29:28', '2019-06-25 20:29:28'),
(12, 0, '2019-06-25 20:29:42', '2019-06-25 20:29:42'),
(13, 0, '2019-06-25 20:29:42', '2019-06-25 20:29:42'),
(14, 0, '2019-06-25 20:29:56', '2019-06-25 20:29:56'),
(15, 0, '2019-06-25 20:29:56', '2019-06-25 20:29:56'),
(16, 0, '2019-06-25 20:30:09', '2019-06-25 20:30:09'),
(17, 0, '2019-06-25 20:30:09', '2019-06-25 20:30:09'),
(18, 0, '2019-06-25 20:30:21', '2019-06-25 20:30:21'),
(19, 0, '2019-06-25 20:30:21', '2019-06-25 20:30:21'),
(25, 0, '2019-06-28 07:54:48', '2019-06-28 07:54:48');

-- --------------------------------------------------------

--
-- Table structure for table `charges`
--

CREATE TABLE `charges` (
  `id` int(11) NOT NULL,
  `boarding_id` int(11) NOT NULL,
  `charge_type` varchar(30) NOT NULL,
  `availability` varchar(30) NOT NULL,
  `created_at` timestamp NOT NULL DEFAULT CURRENT_TIMESTAMP ON UPDATE CURRENT_TIMESTAMP,
  `updated_at` timestamp NOT NULL DEFAULT CURRENT_TIMESTAMP ON UPDATE CURRENT_TIMESTAMP
) ENGINE=InnoDB DEFAULT CHARSET=latin1;

--
-- Dumping data for table `charges`
--

INSERT INTO `charges` (`id`, `boarding_id`, `charge_type`, `availability`, `created_at`, `updated_at`) VALUES
(4, 2, 'Electricity', 'Include', '2019-02-14 17:03:46', '2019-02-14 17:03:46'),
(5, 2, 'Meals', 'Not Include', '2019-02-14 17:03:46', '2019-02-14 17:03:46'),
(6, 2, 'Water', 'Not Include', '2019-02-14 17:03:46', '2019-02-14 17:03:46'),
(7, 3, 'Electricity', 'Include', '2019-02-14 17:46:20', '2019-02-14 17:46:20'),
(8, 3, 'Meals', 'Not Include', '2019-02-14 17:46:20', '2019-02-14 17:46:20'),
(9, 3, 'Water', 'Not Include', '2019-02-14 17:46:20', '2019-02-14 17:46:20'),
(10, 4, 'Electricity', 'Include', '2019-02-15 02:45:54', '2019-02-14 21:15:54'),
(11, 4, 'Meals', 'Not Include', '2019-02-15 02:45:54', '2019-02-14 21:15:54'),
(12, 4, 'Water', 'Not Include', '2019-02-15 02:45:54', '2019-02-14 21:15:54'),
(13, 5, 'Electricity', 'Include', '2019-02-14 19:09:55', '2019-02-14 19:09:55'),
(14, 5, 'Meals', 'Not Include', '2019-02-14 19:09:55', '2019-02-14 19:09:55'),
(15, 5, 'Water', 'Not Include', '2019-02-14 19:09:55', '2019-02-14 19:09:55'),
(16, 6, 'Electricity', 'Include', '2019-02-14 19:21:18', '2019-02-14 19:21:18'),
(17, 6, 'Meals', 'Include', '2019-02-14 19:21:18', '2019-02-14 19:21:18'),
(18, 6, 'Water', 'Include', '2019-02-14 19:21:18', '2019-02-14 19:21:18'),
(19, 7, 'Electricity', 'Include', '2019-02-14 19:32:41', '2019-02-14 19:32:41'),
(20, 7, 'Meals', 'Not Include', '2019-02-14 19:32:41', '2019-02-14 19:32:41'),
(21, 7, 'Water', 'Not Include', '2019-02-14 19:32:41', '2019-02-14 19:32:41'),
(22, 8, 'Electricity', 'Include', '2019-02-15 02:52:51', '2019-02-14 21:22:51'),
(23, 8, 'Meals', 'Not Include', '2019-02-15 02:52:51', '2019-02-14 21:22:51'),
(24, 8, 'Water', 'Not Include', '2019-02-15 02:52:51', '2019-02-14 21:22:51'),
(25, 9, 'Electricity', 'Include', '2019-02-14 19:52:36', '2019-02-14 19:52:36'),
(26, 9, 'Meals', 'Not Include', '2019-02-14 19:52:36', '2019-02-14 19:52:36'),
(27, 9, 'Water', 'Include', '2019-02-14 19:52:36', '2019-02-14 19:52:36'),
(28, 10, 'Electricity', 'Include', '2019-02-14 20:02:05', '2019-02-14 20:02:05'),
(29, 10, 'Meals', 'Include', '2019-02-14 20:02:05', '2019-02-14 20:02:05'),
(30, 10, 'Water', 'Not Include', '2019-02-14 20:02:05', '2019-02-14 20:02:05'),
(31, 11, 'Electricity', 'Include', '2019-02-14 20:19:13', '2019-02-14 20:19:13'),
(32, 11, 'Meals', 'Not Include', '2019-02-14 20:19:13', '2019-02-14 20:19:13'),
(33, 11, 'Water', 'Not Include', '2019-02-14 20:19:13', '2019-02-14 20:19:13'),
(34, 12, 'Electricity', 'Include', '2019-02-14 20:37:42', '2019-02-14 20:37:42'),
(35, 12, 'Meals', 'Not Include', '2019-02-14 20:37:42', '2019-02-14 20:37:42'),
(36, 12, 'Water', 'Not Include', '2019-02-14 20:37:42', '2019-02-14 20:37:42'),
(37, 13, 'Electricity', 'Include', '2019-02-15 00:25:41', '2019-02-15 00:25:41'),
(38, 13, 'Meals', 'Not Include', '2019-02-15 00:25:41', '2019-02-15 00:25:41'),
(39, 13, 'Water', 'Not Include', '2019-02-15 00:25:41', '2019-02-15 00:25:41'),
(40, 14, 'Electricity', 'Not Include', '2019-02-15 00:36:54', '2019-02-15 00:36:54'),
(41, 14, 'Meals', 'Not Include', '2019-02-15 00:36:54', '2019-02-15 00:36:54'),
(42, 14, 'Water', 'Not Include', '2019-02-15 00:36:54', '2019-02-15 00:36:54'),
(43, 15, 'Electricity', 'Include', '2019-02-15 00:52:35', '2019-02-15 00:52:35'),
(44, 15, 'Meals', 'Not Include', '2019-02-15 00:52:36', '2019-02-15 00:52:36'),
(45, 15, 'Water', 'Include', '2019-02-15 00:52:36', '2019-02-15 00:52:36'),
(46, 16, 'Electricity', 'Include', '2019-02-15 01:29:27', '2019-02-15 01:29:27'),
(47, 16, 'Meals', 'Not Include', '2019-02-15 01:29:27', '2019-02-15 01:29:27'),
(48, 16, 'Water', 'Not Include', '2019-02-15 01:29:27', '2019-02-15 01:29:27'),
(49, 17, 'Electricity', 'Include', '2019-02-15 01:33:01', '2019-02-15 01:33:01'),
(50, 17, 'Meals', 'Not Include', '2019-02-15 01:33:01', '2019-02-15 01:33:01'),
(51, 17, 'Water', 'Not Include', '2019-02-15 01:33:01', '2019-02-15 01:33:01'),
(52, 18, 'Electricity', 'Include', '2019-02-15 01:50:34', '2019-02-15 01:50:34'),
(53, 18, 'Meals', 'Not Include', '2019-02-15 01:50:34', '2019-02-15 01:50:34'),
(54, 18, 'Water', 'Include', '2019-02-15 01:50:34', '2019-02-15 01:50:34'),
(55, 19, 'Electricity', 'Include', '2019-02-15 01:58:49', '2019-02-15 01:58:49'),
(56, 19, 'Meals', 'Not Include', '2019-02-15 01:58:49', '2019-02-15 01:58:49'),
(57, 19, 'Water', 'Not Include', '2019-02-15 01:58:49', '2019-02-15 01:58:49'),
(61, 21, 'Electricity', 'Not Include', '2019-03-01 04:21:50', '2019-03-01 04:21:50'),
(62, 21, 'Meals', 'Not Include', '2019-03-01 04:21:50', '2019-03-01 04:21:50'),
(63, 21, 'Water', 'Not Include', '2019-03-01 04:21:50', '2019-03-01 04:21:50'),
(64, 22, 'Electricity', 'Include', '2019-03-26 03:38:35', '2019-03-26 03:38:35'),
(65, 22, 'Meals', 'Include', '2019-03-26 03:38:35', '2019-03-26 03:38:35'),
(66, 22, 'Water', 'Include', '2019-03-26 03:38:35', '2019-03-26 03:38:35'),
(67, 23, 'Electricity', 'Include', '2019-06-21 06:37:59', '2019-06-21 06:37:59'),
(68, 23, 'Meals', 'Include', '2019-06-21 06:37:59', '2019-06-21 06:37:59'),
(69, 23, 'Water', 'Include', '2019-06-21 06:37:59', '2019-06-21 06:37:59'),
(70, 24, 'Electricity', 'Include', '2019-06-25 20:42:36', '2019-06-25 20:42:36'),
(71, 24, 'Meals', 'Not Include', '2019-06-25 20:42:36', '2019-06-25 20:42:36'),
(72, 24, 'Water', 'Include', '2019-06-25 20:42:36', '2019-06-25 20:42:36'),
(73, 25, 'Electricity', 'Include', '2019-06-28 07:54:48', '2019-06-28 07:54:48'),
(74, 25, 'Meals', 'Include', '2019-06-28 07:54:48', '2019-06-28 07:54:48'),
(75, 25, 'Water', 'Include', '2019-06-28 07:54:48', '2019-06-28 07:54:48');

-- --------------------------------------------------------

--
-- Table structure for table `comments`
--

CREATE TABLE `comments` (
  `id` int(11) NOT NULL,
  `user_email` varchar(100) NOT NULL,
  `boarding_id` int(11) NOT NULL,
  `comment` varchar(191) NOT NULL,
  `blocked` tinyint(1) NOT NULL DEFAULT '0',
  `created_at` timestamp NOT NULL DEFAULT CURRENT_TIMESTAMP ON UPDATE CURRENT_TIMESTAMP,
  `updated_at` timestamp NOT NULL DEFAULT CURRENT_TIMESTAMP ON UPDATE CURRENT_TIMESTAMP
) ENGINE=InnoDB DEFAULT CHARSET=latin1;

--
-- Dumping data for table `comments`
--

INSERT INTO `comments` (`id`, `user_email`, `boarding_id`, `comment`, `blocked`, `created_at`, `updated_at`) VALUES
(6, 'ajanthyjaya@gmail.com', 21, 'Nice', 1, '2019-05-30 11:35:42', '2019-05-30 06:05:42'),
(7, 'anuksanjay@gmail.cm', 2, 'have small space', 1, '2019-03-29 18:10:09', '2019-03-29 12:40:09'),
(8, 'shamithathauda@gmail.com', 2, 'Roof is not in good condition', 1, '2019-03-29 18:10:14', '2019-03-29 12:40:14'),
(9, 'sahand.herath@gmail.com', 2, 'best places to stay alone', 1, '2019-05-29 06:07:00', '2019-05-29 00:37:00'),
(10, 'rumithwitharana5@gmail.com', 2, 'very noicy place', 1, '2019-04-01 02:10:52', '2019-03-31 20:40:52'),
(11, 'anuksanjay@gmail.cm', 2, 'good place', 1, '2019-05-29 06:04:52', '2019-05-29 00:34:52'),
(13, 'anuksanjay@gmail.cm', 2, 'good place', 1, '2019-03-29 18:10:20', '2019-03-29 12:40:20'),
(16, 'sahand.herath@gmail.com', 2, 'Best boarding ever found', 1, '2019-06-21 08:16:38', '2019-06-21 02:46:38');

-- --------------------------------------------------------

--
-- Table structure for table `complains`
--

CREATE TABLE `complains` (
  `complain_id` int(11) NOT NULL,
  `user_email` varchar(191) COLLATE utf8_unicode_ci NOT NULL,
  `boarding_no` int(11) NOT NULL,
  `complain_about` varchar(191) COLLATE utf8_unicode_ci NOT NULL,
  `complain` varchar(191) COLLATE utf8_unicode_ci NOT NULL,
  `state` int(11) NOT NULL DEFAULT '0',
  `updated_at` timestamp NOT NULL DEFAULT CURRENT_TIMESTAMP ON UPDATE CURRENT_TIMESTAMP,
  `created_at` timestamp NOT NULL DEFAULT CURRENT_TIMESTAMP ON UPDATE CURRENT_TIMESTAMP
) ENGINE=InnoDB DEFAULT CHARSET=utf8 COLLATE=utf8_unicode_ci;

--
-- Dumping data for table `complains`
--

INSERT INTO `complains` (`complain_id`, `user_email`, `boarding_no`, `complain_about`, `complain`, `state`, `updated_at`, `created_at`) VALUES
(4, 'sahand.herath@gmail.com', 2, 'Rooms', 'rooms are not comfortable', 2, '2019-05-29 22:46:56', '2019-05-30 04:16:56'),
(5, 'arham3648@gmail.com', 3, 'Facilities', 'Fans are not working', 1, '2019-05-30 12:32:26', '2019-05-30 18:02:26'),
(6, 'shamithathauda@gmail.com', 7, 'Other', 'Hostal is far from university', 1, '2019-05-29 22:46:36', '2019-05-30 04:16:36'),
(7, 'sahand.herath@gmail.com', 2, 'facilities', 'not bad', 2, '2019-05-30 12:48:18', '2019-05-30 18:18:18'),
(15, 'sahand.herath@gmail.com', 2, 'facilities', 'not bad', 2, '2019-05-30 22:34:56', '2019-05-31 04:04:56'),
(16, 'sahand.herath@gmail.com', 2, 'Rooms', 'ajfjkwelw', 2, '2019-05-31 05:46:05', '2019-05-31 11:16:05'),
(17, 'sahand.herath@gmail.com', 2, 'Facilities', 'bad bad place', 1, '2019-06-21 02:31:06', '2019-06-21 08:01:06');

-- --------------------------------------------------------

--
-- Table structure for table `facilities`
--

CREATE TABLE `facilities` (
  `id` int(11) NOT NULL,
  `boarding_id` int(11) NOT NULL,
  `facility_type` varchar(30) NOT NULL,
  `number_of_facility` int(11) NOT NULL,
  `updated_at` timestamp NOT NULL DEFAULT CURRENT_TIMESTAMP ON UPDATE CURRENT_TIMESTAMP,
  `created_at` timestamp NOT NULL DEFAULT CURRENT_TIMESTAMP ON UPDATE CURRENT_TIMESTAMP
) ENGINE=InnoDB DEFAULT CHARSET=latin1;

--
-- Dumping data for table `facilities`
--

INSERT INTO `facilities` (`id`, `boarding_id`, `facility_type`, `number_of_facility`, `updated_at`, `created_at`) VALUES
(7, 2, 'Fans', 1, '2019-02-14 17:03:46', '2019-02-14 17:03:46'),
(8, 2, 'Cupboards', 0, '2019-02-14 17:03:46', '2019-02-14 17:03:46'),
(9, 2, 'Chairs', 2, '2019-02-14 17:03:46', '2019-02-14 17:03:46'),
(10, 2, 'Tables', 2, '2019-02-14 17:03:46', '2019-02-14 17:03:46'),
(11, 2, 'Single Beds', 2, '2019-02-14 17:03:46', '2019-02-14 17:03:46'),
(12, 2, 'Double Beds', 0, '2019-02-14 17:03:46', '2019-02-14 17:03:46'),
(13, 3, 'Fans', 3, '2019-02-14 17:46:20', '2019-02-14 17:46:20'),
(14, 3, 'Cupboards', 0, '2019-02-14 17:46:20', '2019-02-14 17:46:20'),
(15, 3, 'Chairs', 15, '2019-02-14 17:46:20', '2019-02-14 17:46:20'),
(16, 3, 'Tables', 6, '2019-02-14 17:46:20', '2019-02-14 17:46:20'),
(17, 3, 'Single Beds', 0, '2019-02-14 17:46:20', '2019-02-14 17:46:20'),
(18, 3, 'Double Beds', 0, '2019-02-14 17:46:20', '2019-02-14 17:46:20'),
(19, 4, 'Fans', 3, '2019-02-14 21:15:54', '2019-02-15 02:45:54'),
(20, 4, 'Cupboards', 6, '2019-02-14 21:15:54', '2019-02-15 02:45:54'),
(21, 4, 'Chairs', 3, '2019-05-29 02:07:38', '2019-05-29 07:37:38'),
(22, 4, 'Tables', 3, '2019-02-14 21:15:53', '2019-02-15 02:45:53'),
(23, 4, 'Single Beds', 0, '2019-02-14 21:15:54', '2019-02-15 02:45:54'),
(24, 4, 'Double Beds', 0, '2019-02-14 21:15:54', '2019-02-15 02:45:54'),
(25, 5, 'Fans', 0, '2019-02-14 19:09:54', '2019-02-14 19:09:54'),
(26, 5, 'Cupboards', 8, '2019-02-14 19:09:54', '2019-02-14 19:09:54'),
(27, 5, 'Chairs', 14, '2019-02-14 19:09:54', '2019-02-14 19:09:54'),
(28, 5, 'Tables', 7, '2019-02-14 19:09:55', '2019-02-14 19:09:55'),
(29, 5, 'Single Beds', 14, '2019-02-14 19:09:55', '2019-02-14 19:09:55'),
(30, 5, 'Double Beds', 0, '2019-02-14 19:09:55', '2019-02-14 19:09:55'),
(31, 6, 'Fans', 0, '2019-02-14 19:21:17', '2019-02-14 19:21:17'),
(32, 6, 'Cupboards', 3, '2019-02-14 19:21:17', '2019-02-14 19:21:17'),
(33, 6, 'Chairs', 8, '2019-02-14 19:21:17', '2019-02-14 19:21:17'),
(34, 6, 'Tables', 5, '2019-02-14 19:21:17', '2019-02-14 19:21:17'),
(35, 6, 'Single Beds', 1, '2019-02-14 19:21:17', '2019-02-14 19:21:17'),
(36, 6, 'Double Beds', 0, '2019-02-14 19:21:18', '2019-02-14 19:21:18'),
(37, 7, 'Fans', 4, '2019-02-14 19:32:40', '2019-02-14 19:32:40'),
(38, 7, 'Cupboards', 0, '2019-02-14 19:32:41', '2019-02-14 19:32:41'),
(39, 7, 'Chairs', 4, '2019-02-14 19:32:41', '2019-02-14 19:32:41'),
(40, 7, 'Tables', 0, '2019-02-14 19:32:41', '2019-02-14 19:32:41'),
(41, 7, 'Single Beds', 0, '2019-02-14 19:32:41', '2019-02-14 19:32:41'),
(42, 7, 'Double Beds', 0, '2019-02-14 19:32:41', '2019-02-14 19:32:41'),
(43, 8, 'Fans', 5, '2019-02-14 21:22:50', '2019-02-15 02:52:50'),
(44, 8, 'Cupboards', 2, '2019-02-14 21:22:51', '2019-02-15 02:52:51'),
(45, 8, 'Chairs', 15, '2019-02-14 21:22:50', '2019-02-15 02:52:50'),
(46, 8, 'Tables', 5, '2019-02-14 21:22:50', '2019-02-15 02:52:50'),
(47, 8, 'Single Beds', 5, '2019-02-14 21:22:51', '2019-02-15 02:52:51'),
(48, 8, 'Double Beds', 2, '2019-02-14 21:22:51', '2019-02-15 02:52:51'),
(49, 9, 'Fans', 0, '2019-02-14 19:52:36', '2019-02-14 19:52:36'),
(50, 9, 'Cupboards', 3, '2019-02-14 19:52:36', '2019-02-14 19:52:36'),
(51, 9, 'Chairs', 10, '2019-02-14 19:52:36', '2019-02-14 19:52:36'),
(52, 9, 'Tables', 5, '2019-02-14 19:52:36', '2019-02-14 19:52:36'),
(53, 9, 'Single Beds', 0, '2019-02-14 19:52:36', '2019-02-14 19:52:36'),
(54, 9, 'Double Beds', 0, '2019-02-14 19:52:36', '2019-02-14 19:52:36'),
(55, 10, 'Fans', 5, '2019-02-14 20:02:05', '2019-02-14 20:02:05'),
(56, 10, 'Cupboards', 0, '2019-02-14 20:02:05', '2019-02-14 20:02:05'),
(57, 10, 'Chairs', 15, '2019-02-14 20:02:05', '2019-02-14 20:02:05'),
(58, 10, 'Tables', 8, '2019-02-14 20:02:05', '2019-02-14 20:02:05'),
(59, 10, 'Single Beds', 10, '2019-02-14 20:02:05', '2019-02-14 20:02:05'),
(60, 10, 'Double Beds', 0, '2019-02-14 20:02:05', '2019-02-14 20:02:05'),
(61, 11, 'Fans', 6, '2019-02-14 20:19:12', '2019-02-14 20:19:12'),
(62, 11, 'Cupboards', 4, '2019-02-14 20:19:12', '2019-02-14 20:19:12'),
(63, 11, 'Chairs', 0, '2019-02-14 20:19:13', '2019-02-14 20:19:13'),
(64, 11, 'Tables', 0, '2019-02-14 20:19:13', '2019-02-14 20:19:13'),
(65, 11, 'Single Beds', 0, '2019-02-14 20:19:13', '2019-02-14 20:19:13'),
(66, 11, 'Double Beds', 0, '2019-02-14 20:19:13', '2019-02-14 20:19:13'),
(67, 12, 'Fans', 2, '2019-02-14 20:37:42', '2019-02-14 20:37:42'),
(68, 12, 'Cupboards', 2, '2019-02-14 20:37:42', '2019-02-14 20:37:42'),
(69, 12, 'Chairs', 8, '2019-02-14 20:37:42', '2019-02-14 20:37:42'),
(70, 12, 'Tables', 5, '2019-02-14 20:37:42', '2019-02-14 20:37:42'),
(71, 12, 'Single Beds', 5, '2019-02-14 20:37:42', '2019-02-14 20:37:42'),
(72, 12, 'Double Beds', 0, '2019-02-14 20:37:42', '2019-02-14 20:37:42'),
(73, 13, 'Fans', 3, '2019-02-15 00:25:41', '2019-02-15 00:25:41'),
(74, 13, 'Cupboards', 0, '2019-02-15 00:25:41', '2019-02-15 00:25:41'),
(75, 13, 'Chairs', 0, '2019-02-15 00:25:41', '2019-02-15 00:25:41'),
(76, 13, 'Tables', 0, '2019-02-15 00:25:41', '2019-02-15 00:25:41'),
(77, 13, 'Single Beds', 15, '2019-02-15 00:25:41', '2019-02-15 00:25:41'),
(78, 13, 'Double Beds', 0, '2019-02-15 00:25:41', '2019-02-15 00:25:41'),
(79, 14, 'Fans', 0, '2019-02-15 00:36:54', '2019-02-15 00:36:54'),
(80, 14, 'Cupboards', 4, '2019-02-15 00:36:54', '2019-02-15 00:36:54'),
(81, 14, 'Chairs', 30, '2019-02-15 00:36:54', '2019-02-15 00:36:54'),
(82, 14, 'Tables', 13, '2019-02-15 00:36:54', '2019-02-15 00:36:54'),
(83, 14, 'Single Beds', 0, '2019-02-15 00:36:54', '2019-02-15 00:36:54'),
(84, 14, 'Double Beds', 12, '2019-02-15 00:36:54', '2019-02-15 00:36:54'),
(85, 15, 'Fans', 7, '2019-02-15 00:52:35', '2019-02-15 00:52:35'),
(86, 15, 'Cupboards', 10, '2019-02-15 00:52:35', '2019-02-15 00:52:35'),
(87, 15, 'Chairs', 20, '2019-02-15 00:52:35', '2019-02-15 00:52:35'),
(88, 15, 'Tables', 10, '2019-02-15 00:52:35', '2019-02-15 00:52:35'),
(89, 15, 'Single Beds', 20, '2019-02-15 00:52:35', '2019-02-15 00:52:35'),
(90, 15, 'Double Beds', 0, '2019-02-15 00:52:35', '2019-02-15 00:52:35'),
(91, 16, 'Fans', 16, '2019-02-15 01:29:27', '2019-02-15 01:29:27'),
(92, 16, 'Cupboards', 0, '2019-02-15 01:29:27', '2019-02-15 01:29:27'),
(93, 16, 'Chairs', 22, '2019-02-15 01:29:27', '2019-02-15 01:29:27'),
(94, 16, 'Tables', 14, '2019-02-15 01:29:27', '2019-02-15 01:29:27'),
(95, 16, 'Single Beds', 22, '2019-02-15 01:29:27', '2019-02-15 01:29:27'),
(96, 16, 'Double Beds', 0, '2019-02-15 01:29:27', '2019-02-15 01:29:27'),
(97, 17, 'Fans', 12, '2019-02-15 01:33:01', '2019-02-15 01:33:01'),
(98, 17, 'Cupboards', 0, '2019-02-15 01:33:01', '2019-02-15 01:33:01'),
(99, 17, 'Chairs', 20, '2019-02-15 01:33:01', '2019-02-15 01:33:01'),
(100, 17, 'Tables', 10, '2019-02-15 01:33:01', '2019-02-15 01:33:01'),
(101, 17, 'Single Beds', 15, '2019-02-15 01:33:01', '2019-02-15 01:33:01'),
(102, 17, 'Double Beds', 0, '2019-02-15 01:33:01', '2019-02-15 01:33:01'),
(103, 18, 'Fans', 0, '2019-02-15 01:50:34', '2019-02-15 01:50:34'),
(104, 18, 'Cupboards', 0, '2019-02-15 01:50:34', '2019-02-15 01:50:34'),
(105, 18, 'Chairs', 10, '2019-02-15 01:50:34', '2019-02-15 01:50:34'),
(106, 18, 'Tables', 3, '2019-02-15 01:50:34', '2019-02-15 01:50:34'),
(107, 18, 'Single Beds', 0, '2019-02-15 01:50:34', '2019-02-15 01:50:34'),
(108, 18, 'Double Beds', 0, '2019-02-15 01:50:34', '2019-02-15 01:50:34'),
(109, 19, 'Fans', 0, '2019-02-15 01:58:48', '2019-02-15 01:58:48'),
(110, 19, 'Cupboards', 0, '2019-02-15 01:58:48', '2019-02-15 01:58:48'),
(111, 19, 'Chairs', 15, '2019-02-15 01:58:48', '2019-02-15 01:58:48'),
(112, 19, 'Tables', 10, '2019-02-15 01:58:48', '2019-02-15 01:58:48'),
(113, 19, 'Single Beds', 6, '2019-02-15 01:58:48', '2019-02-15 01:58:48'),
(114, 19, 'Double Beds', 2, '2019-02-15 01:58:48', '2019-02-15 01:58:48'),
(121, 21, 'Chairs', 2, '2019-03-01 04:21:50', '2019-03-01 04:21:50'),
(122, 21, 'Double Bed', 2, '2019-03-01 04:21:50', '2019-03-01 04:21:50'),
(123, 21, 'Fans', 2, '2019-03-01 04:21:50', '2019-03-01 04:21:50'),
(124, 21, 'Single Bed', 222, '2019-03-01 04:21:50', '2019-03-01 04:21:50'),
(125, 21, 'Study Table', 2, '2019-03-01 04:21:50', '2019-03-01 04:21:50'),
(126, 21, 'Wardrobe', 2, '2019-03-01 04:21:50', '2019-03-01 04:21:50'),
(127, 22, 'Chairs', 6, '2019-03-26 03:38:35', '2019-03-26 03:38:35'),
(128, 22, 'Double Bed', 2, '2019-03-26 03:38:35', '2019-03-26 03:38:35'),
(129, 22, 'Fans', 2, '2019-03-26 03:38:35', '2019-03-26 03:38:35'),
(130, 22, 'Single Bed', 9, '2019-03-26 03:38:35', '2019-03-26 03:38:35'),
(131, 22, 'Study Table', 5, '2019-03-26 03:38:35', '2019-03-26 03:38:35'),
(132, 22, 'Wardrobe', 6, '2019-03-26 03:38:35', '2019-03-26 03:38:35'),
(133, 23, 'Chairs', 2, '2019-06-21 06:37:59', '2019-06-21 06:37:59'),
(134, 23, 'Double Bed', 2, '2019-06-21 06:37:59', '2019-06-21 06:37:59'),
(135, 23, 'Fans', 22, '2019-06-21 06:37:59', '2019-06-21 06:37:59'),
(136, 23, 'Single Bed', 2, '2019-06-21 06:37:59', '2019-06-21 06:37:59'),
(137, 23, 'Study Table', 2, '2019-06-21 06:37:59', '2019-06-21 06:37:59'),
(138, 23, 'Wardrobe', 2, '2019-06-21 06:37:59', '2019-06-21 06:37:59'),
(139, 24, 'Chairs', 2, '2019-06-25 20:42:35', '2019-06-25 20:42:35'),
(140, 24, 'Double Bed', 2, '2019-06-25 20:42:35', '2019-06-25 20:42:35'),
(141, 24, 'Fans', 2, '2019-06-25 20:42:35', '2019-06-25 20:42:35'),
(142, 24, 'Single Bed', 2, '2019-06-25 20:42:35', '2019-06-25 20:42:35'),
(143, 24, 'Study Table', 2, '2019-06-25 20:42:35', '2019-06-25 20:42:35'),
(144, 24, 'Wardrobe', 2, '2019-06-25 20:42:35', '2019-06-25 20:42:35'),
(145, 25, 'Chairs', 2, '2019-06-28 07:54:48', '2019-06-28 07:54:48'),
(146, 25, 'Double Bed', 22, '2019-06-28 07:54:48', '2019-06-28 07:54:48'),
(147, 25, 'Fans', 2, '2019-06-28 07:54:48', '2019-06-28 07:54:48'),
(148, 25, 'Single Bed', 2, '2019-06-28 07:54:48', '2019-06-28 07:54:48'),
(149, 25, 'Study Table', 2, '2019-06-28 07:54:48', '2019-06-28 07:54:48'),
(150, 25, 'Wardrobe', 2, '2019-06-28 07:54:48', '2019-06-28 07:54:48');

-- --------------------------------------------------------

--
-- Table structure for table `migrations`
--

CREATE TABLE `migrations` (
  `id` int(10) UNSIGNED NOT NULL,
  `migration` varchar(191) COLLATE utf8mb4_unicode_ci NOT NULL,
  `batch` int(11) NOT NULL
) ENGINE=InnoDB DEFAULT CHARSET=utf8mb4 COLLATE=utf8mb4_unicode_ci;

--
-- Dumping data for table `migrations`
--

INSERT INTO `migrations` (`id`, `migration`, `batch`) VALUES
(1, '2014_10_12_000000_create_users_table', 1),
(2, '2014_10_12_100000_create_password_resets_table', 1);

-- --------------------------------------------------------

--
-- Table structure for table `password_resets`
--

CREATE TABLE `password_resets` (
  `email` varchar(191) COLLATE utf8mb4_unicode_ci NOT NULL,
  `token` varchar(191) COLLATE utf8mb4_unicode_ci NOT NULL,
  `created_at` timestamp NULL DEFAULT NULL
) ENGINE=InnoDB DEFAULT CHARSET=utf8mb4 COLLATE=utf8mb4_unicode_ci;

--
-- Dumping data for table `password_resets`
--

INSERT INTO `password_resets` (`email`, `token`, `created_at`) VALUES
('sahand.herath@gmail.com', '$2y$10$/1BrpwQacQM7.v8EQE/dLeNcKkdv4V4dv2UuBCVXQ.DvnY0AwLkQa', '2019-06-23 16:43:49');

-- --------------------------------------------------------

--
-- Table structure for table `pictures`
--

CREATE TABLE `pictures` (
  `id` int(11) NOT NULL,
  `boarding_id` int(11) NOT NULL,
  `picture` varchar(100) NOT NULL,
  `created_at` timestamp NOT NULL DEFAULT CURRENT_TIMESTAMP ON UPDATE CURRENT_TIMESTAMP,
  `updated_at` timestamp NOT NULL DEFAULT CURRENT_TIMESTAMP ON UPDATE CURRENT_TIMESTAMP,
  `main_pic` tinyint(1) NOT NULL DEFAULT '0'
) ENGINE=InnoDB DEFAULT CHARSET=latin1;

--
-- Dumping data for table `pictures`
--

INSERT INTO `pictures` (`id`, `boarding_id`, `picture`, `created_at`, `updated_at`, `main_pic`) VALUES
(1, 1, 'IMG-20181230-WA0007.jpg', '2019-02-14 11:22:50', '2019-02-14 11:22:50', 0),
(2, 1, 'IMG-20181230-WA0009.jpg', '2019-02-14 11:22:51', '2019-02-14 11:22:51', 0),
(3, 1, 'IMG-20181230-WA0011.jpg', '2019-02-14 11:22:51', '2019-02-14 11:22:51', 0),
(4, 1, 'IMG-20181230-WA0015.jpg', '2019-02-14 11:22:52', '2019-02-14 11:22:52', 0),
(5, 1, '1550163172.jpg', '2019-02-14 11:22:52', '2019-02-14 11:22:52', 1),
(6, 2, '20181228_152106.jpg', '2019-02-14 11:33:49', '2019-02-14 11:33:49', 0),
(7, 2, '20181228_152109.jpg', '2019-02-14 11:33:52', '2019-02-14 11:33:52', 0),
(8, 2, '20181228_152117.jpg', '2019-02-14 11:33:54', '2019-02-14 11:33:54', 0),
(9, 2, '20181228_152153.jpg', '2019-02-14 11:33:57', '2019-02-14 11:33:57', 0),
(10, 2, '1550163837.jpg', '2019-02-14 11:34:00', '2019-02-14 11:34:00', 1),
(11, 3, '20181228_153010.jpg', '2019-02-14 12:16:23', '2019-02-14 12:16:23', 0),
(12, 3, '20181228_153034.jpg', '2019-02-14 12:16:25', '2019-02-14 12:16:25', 0),
(13, 3, '20181228_153054.jpg', '2019-02-14 12:16:28', '2019-02-14 12:16:28', 0),
(14, 3, '1550166388.jpg', '2019-02-14 12:16:30', '2019-02-14 12:16:30', 1),
(15, 4, '20181219_190443.jpg', '2019-02-14 13:32:28', '2019-02-14 13:32:28', 0),
(16, 4, '20181219_190704.jpg', '2019-02-14 13:32:31', '2019-02-14 13:32:31', 0),
(17, 4, '20181220_173309.jpg', '2019-02-14 13:32:34', '2019-02-14 13:32:34', 0),
(18, 4, '1550170954.jpg', '2019-02-14 13:32:37', '2019-02-14 13:32:37', 1),
(19, 5, '20181228_085616.jpg', '2019-02-14 13:39:57', '2019-02-14 13:39:57', 0),
(20, 5, 'IMG-20181223-WA0009.jpg', '2019-02-14 13:39:58', '2019-02-14 13:39:58', 0),
(21, 5, 'IMG-20181223-WA0019.jpg', '2019-02-14 13:39:59', '2019-02-14 13:39:59', 0),
(22, 5, '1550171399.jpg', '2019-02-14 13:39:59', '2019-02-14 13:39:59', 1),
(23, 6, 'IMG-20181231-WA0001.jpg', '2019-02-14 13:51:18', '2019-02-14 13:51:18', 0),
(24, 6, 'IMG-20181231-WA0002.jpg', '2019-02-14 13:51:19', '2019-02-14 13:51:19', 0),
(25, 6, 'IMG-20181231-WA0003.jpg', '2019-02-14 13:51:19', '2019-02-14 13:51:19', 0),
(26, 6, '1550172079.jpg', '2019-02-14 13:51:19', '2019-02-14 13:51:19', 1),
(27, 7, 'IMG-20181230-WA0001.jpg', '2019-02-14 14:02:41', '2019-02-14 14:02:41', 0),
(28, 7, 'IMG-20181230-WA0002.jpg', '2019-02-14 14:02:42', '2019-02-14 14:02:42', 0),
(29, 7, 'IMG-20181230-WA0004.jpg', '2019-02-14 14:02:42', '2019-02-14 14:02:42', 0),
(30, 7, '1550172762.jpg', '2019-02-14 14:02:43', '2019-02-14 14:02:43', 1),
(31, 8, 'IMG-20181223-WA0022.jpg', '2019-02-14 14:12:25', '2019-02-14 14:12:25', 0),
(32, 8, 'IMG-20181223-WA0024.jpg', '2019-02-14 14:12:25', '2019-02-14 14:12:25', 0),
(33, 8, 'IMG-20181223-WA0026.jpg', '2019-02-14 14:12:26', '2019-02-14 14:12:26', 0),
(34, 8, '1550173346.jpg', '2019-02-14 14:12:26', '2019-02-14 14:12:26', 1),
(35, 9, 'IMG-20181222-WA0001.jpg', '2019-02-14 14:22:36', '2019-02-14 14:22:36', 0),
(36, 9, 'IMG-20181222-WA0002.jpg', '2019-02-14 14:22:37', '2019-02-14 14:22:37', 0),
(37, 9, 'IMG-20181222-WA0003.jpg', '2019-02-14 14:22:37', '2019-02-14 14:22:37', 0),
(38, 9, '1550173958.jpg', '2019-02-14 14:22:38', '2019-02-14 14:22:38', 1),
(39, 10, 'modern-house-plans-of-sri-lanka.jpg', '2019-02-14 14:32:06', '2019-02-14 14:32:06', 0),
(40, 11, '20181228_164551.jpg', '2019-02-14 14:49:16', '2019-02-14 14:49:16', 0),
(41, 11, '20181228_164704.jpg', '2019-02-14 14:49:18', '2019-02-14 14:49:18', 0),
(42, 11, '20181228_164737.jpg', '2019-02-14 14:49:21', '2019-02-14 14:49:21', 0),
(43, 11, '1550175561.jpg', '2019-02-14 14:49:24', '2019-02-14 14:49:24', 1),
(44, 12, 'IMG-20181228-WA0008.jpg', '2019-02-14 15:07:43', '2019-02-14 15:07:43', 0),
(45, 12, 'IMG-20181228-WA0017.jpg', '2019-02-14 15:07:44', '2019-02-14 15:07:44', 0),
(46, 12, 'IMG-20181228-WA0023.jpg', '2019-02-14 15:07:44', '2019-02-14 15:07:44', 0),
(47, 12, '1550176665.jpg', '2019-02-14 15:07:45', '2019-02-14 15:07:45', 1),
(48, 13, 'IMG-20181231-WA0005.jpg', '2019-02-14 18:55:42', '2019-02-14 18:55:42', 0),
(49, 13, 'IMG-20190104-WA0016.jpg', '2019-02-14 18:55:42', '2019-02-14 18:55:42', 0),
(50, 13, 'IMG-20190104-WA0017.jpg', '2019-02-14 18:55:43', '2019-02-14 18:55:43', 0),
(51, 13, '1550190343.jpg', '2019-02-14 18:55:43', '2019-02-14 18:55:43', 1),
(52, 14, 'IMG-20190106-WA0003.jpg', '2019-02-14 19:06:55', '2019-02-14 19:06:55', 0),
(53, 14, 'IMG-20190106-WA0005.jpg', '2019-02-14 19:06:55', '2019-02-14 19:06:55', 0),
(54, 14, '1550191016.jpg', '2019-02-14 19:06:56', '2019-02-14 19:06:56', 1),
(55, 15, 'Ca.JPG', '2019-02-14 19:22:36', '2019-02-14 19:22:36', 0),
(56, 15, 'Capt.JPG', '2019-02-14 19:22:37', '2019-02-14 19:22:37', 0),
(57, 15, 'Cture.JPG', '2019-02-14 19:22:37', '2019-02-14 19:22:37', 0),
(58, 15, '1550191958.JPG', '2019-02-14 19:22:38', '2019-02-14 19:22:38', 1),
(59, 16, 'IMG-20190212-WA0007.jpg', '2019-02-14 19:59:28', '2019-02-14 19:59:28', 0),
(60, 16, 'IMG-20190214-WA0010.jpg', '2019-02-14 19:59:28', '2019-02-14 19:59:28', 0),
(61, 16, '1550194168.jpg', '2019-02-14 19:59:29', '2019-02-14 19:59:29', 1),
(62, 17, 'IMG-20190214-WA0006.jpg', '2019-02-14 20:03:02', '2019-02-14 20:03:02', 0),
(63, 17, '1550194382.jpg', '2019-02-14 20:03:03', '2019-02-14 20:03:03', 1),
(64, 18, 'th (9).jpg', '2019-02-14 20:20:34', '2019-02-14 20:20:34', 0),
(65, 18, '1550195434.jpg', '2019-02-14 20:20:35', '2019-02-14 20:20:35', 1),
(66, 19, 'IMG-20190212-WA0002.jpg', '2019-02-14 20:28:49', '2019-02-14 20:28:49', 0),
(67, 19, 'IMG-20190212-WA0003.jpg', '2019-02-14 20:28:50', '2019-02-14 20:28:50', 0),
(68, 19, 'IMG-20190212-WA0005.jpg', '2019-02-14 20:28:51', '2019-02-14 20:28:51', 0),
(69, 19, '1550195931.jpg', '2019-02-14 20:28:52', '2019-02-14 20:28:52', 1),
(74, 21, 'class diagram final.jpeg', '2019-02-15 01:31:26', '2019-02-15 01:31:26', 0),
(75, 21, 'class diagram.jpeg', '2019-02-15 01:31:27', '2019-02-15 01:31:27', 0),
(76, 21, '1550214087.jpeg', '2019-02-15 01:31:28', '2019-02-15 01:31:28', 1),
(77, 24, '1550576289.jpg', '2019-02-19 06:08:09', '2019-02-19 06:08:09', 1),
(78, 20, 'IMG-20181112-WA0019.jpg', '2019-03-01 03:40:14', '2019-03-01 03:40:14', 0),
(79, 20, 'IMG-20181112-WA0014 - Copy.jpg', '2019-03-01 03:40:15', '2019-03-01 03:40:15', 0),
(80, 20, 'IMG-20181112-WA0013 - Copy.jpg', '2019-03-01 03:40:15', '2019-03-01 03:40:15', 0),
(81, 20, '1551431415.jpg', '2019-03-01 03:40:15', '2019-03-01 03:40:15', 1),
(82, 21, 'IMG-20181112-WA0013 - Copy.jpg', '2019-03-01 04:21:51', '2019-03-01 04:21:51', 0),
(83, 21, 'IMG-20181112-WA0013.jpg', '2019-03-01 04:21:51', '2019-03-01 04:21:51', 0),
(84, 21, 'IMG-20181112-WA0014 - Copy.jpg', '2019-03-01 04:21:51', '2019-03-01 04:21:51', 0),
(85, 21, 'IMG-20181112-WA0014.jpg', '2019-03-01 04:21:51', '2019-03-01 04:21:51', 0),
(86, 21, '1551433911.jpg', '2019-03-01 04:21:51', '2019-03-01 04:21:51', 1),
(87, 22, '1561180923.jpg', '2019-06-22 05:22:04', '2019-06-21 23:52:04', 0),
(88, 22, 'IMG-20181112-WA0017.jpg', '2019-03-01 04:24:40', '2019-03-01 04:24:40', 0),
(91, 22, '1553591315.JPG', '2019-03-26 03:38:37', '2019-03-26 03:38:37', 1),
(92, 23, '1554054642.jpg', '2019-03-31 17:50:42', '2019-03-31 12:20:42', 0),
(93, 23, '1553889169.jpg', '2019-03-29 14:22:50', '2019-03-29 14:22:50', 1),
(94, 24, '19145932_664235413783581_7348896023686255163_n.jpg', '2019-03-31 12:41:33', '2019-03-31 12:41:33', 0),
(95, 24, '19417586_1580557325309030_8310793391250527303_o.jpg', '2019-03-31 12:41:33', '2019-03-31 12:41:33', 0),
(96, 24, '1554055894.jpg', '2019-03-31 12:41:34', '2019-03-31 12:41:34', 1),
(97, 25, '12977287_584463378386946_9196831915846941589_o.jpg', '2019-03-31 13:35:24', '2019-03-31 13:35:24', 0),
(98, 25, '19145932_664235413783581_7348896023686255163_n.jpg', '2019-03-31 13:35:25', '2019-03-31 13:35:25', 0),
(99, 25, '19417586_1580557325309030_8310793391250527303_o.jpg', '2019-03-31 13:35:25', '2019-03-31 13:35:25', 0),
(100, 25, '1554059125.jpg', '2019-03-31 13:35:25', '2019-03-31 13:35:25', 1),
(101, 26, '19452888_1580554595309303_7699181937781527729_o.jpg', '2019-03-31 20:49:17', '2019-03-31 20:49:17', 0),
(102, 26, '1554085187.jpg', '2019-04-01 02:19:47', '2019-03-31 20:49:47', 0),
(103, 26, '1554085157.jpg', '2019-03-31 20:49:17', '2019-03-31 20:49:17', 1),
(106, 23, '1554131693.jpeg', '2019-04-01 09:44:54', '2019-04-01 09:44:54', 1),
(107, 23, 'image.jpg', '2019-06-21 06:38:00', '2019-06-21 06:38:00', 0),
(108, 23, 'NVISION_Warface_Steam.jpg', '2019-06-21 06:38:01', '2019-06-21 06:38:01', 0),
(109, 23, '1561118881.jpg', '2019-06-21 06:38:02', '2019-06-21 06:38:02', 1),
(110, 23, '1561239052.jpg', '2019-06-22 16:00:53', '2019-06-22 16:00:53', 0),
(111, 23, '1561239093.jpg', '2019-06-22 16:01:34', '2019-06-22 16:01:34', 0),
(112, 25, 'Capture 8.JPG', '2019-06-25 20:47:53', '2019-06-25 20:47:53', 0),
(113, 25, 'Capture 11.JPG', '2019-06-25 20:47:53', '2019-06-25 20:47:53', 0),
(114, 25, '1561495673.JPG', '2019-06-25 20:47:53', '2019-06-25 20:47:53', 1),
(115, 25, 'chapter 4.JPG', '2019-06-28 07:54:49', '2019-06-28 07:54:49', 0),
(116, 25, 'chapter 9.JPG', '2019-06-28 07:54:50', '2019-06-28 07:54:50', 0),
(117, 25, '1561708490.JPG', '2019-06-28 07:54:50', '2019-06-28 07:54:50', 1);

-- --------------------------------------------------------

--
-- Table structure for table `ratings`
--

CREATE TABLE `ratings` (
  `rate_id` int(11) NOT NULL,
  `user_email` varchar(191) NOT NULL,
  `boarding_no` int(11) NOT NULL,
  `rating` int(11) NOT NULL DEFAULT '0',
  `updated_at` timestamp NOT NULL DEFAULT CURRENT_TIMESTAMP ON UPDATE CURRENT_TIMESTAMP,
  `created_at` timestamp NOT NULL DEFAULT CURRENT_TIMESTAMP ON UPDATE CURRENT_TIMESTAMP
) ENGINE=InnoDB DEFAULT CHARSET=latin1;

--
-- Dumping data for table `ratings`
--

INSERT INTO `ratings` (`rate_id`, `user_email`, `boarding_no`, `rating`, `updated_at`, `created_at`) VALUES
(3, 'sahand.herath@gmail.com', 2, 3, '2019-06-25 20:57:48', '2019-06-25 20:57:48'),
(4, 'sahand.herath@gmail.com', 2, 3, '2019-06-25 20:58:19', '2019-06-25 20:58:19'),
(6, 'rumithwitharana@gmail.com', 4, 4, '2019-06-26 04:27:33', '2019-06-26 04:27:33'),
(7, 'sajithmadushanka@gmail.com', 8, 5, '2019-06-26 04:28:11', '2019-06-26 04:28:11'),
(8, 'shamithathauda@gmail.com', 7, 5, '2019-06-26 07:41:23', '2019-06-26 07:41:23'),
(9, 'uditha@gmail.com', 8, 4, '2019-06-26 07:42:20', '2019-06-26 07:42:20'),
(10, 'rumithwitharana@gmail.com', 6, 4, '2019-06-26 07:43:17', '2019-06-26 07:43:17');

-- --------------------------------------------------------

--
-- Table structure for table `rooms`
--

CREATE TABLE `rooms` (
  `id` int(11) NOT NULL,
  `boarding_id` int(11) NOT NULL,
  `room_type` varchar(30) NOT NULL,
  `number_of_rooms` int(11) NOT NULL,
  `updated_at` timestamp NOT NULL DEFAULT CURRENT_TIMESTAMP ON UPDATE CURRENT_TIMESTAMP,
  `created_at` timestamp NOT NULL DEFAULT CURRENT_TIMESTAMP ON UPDATE CURRENT_TIMESTAMP
) ENGINE=InnoDB DEFAULT CHARSET=latin1;

--
-- Dumping data for table `rooms`
--

INSERT INTO `rooms` (`id`, `boarding_id`, `room_type`, `number_of_rooms`, `updated_at`, `created_at`) VALUES
(5, 2, 'Washrooms', 2, '2019-02-14 17:03:46', '2019-02-14 17:03:46'),
(6, 2, 'Bedrooms', 9, '2019-02-14 17:03:46', '2019-02-14 17:03:46'),
(7, 2, 'Kitchen', 0, '2019-02-14 17:03:46', '2019-02-14 17:03:46'),
(8, 2, 'Attached washroom', 0, '2019-02-14 17:03:46', '2019-02-14 17:03:46'),
(9, 3, 'Washrooms', 1, '2019-02-14 17:46:20', '2019-02-14 17:46:20'),
(10, 3, 'Bedrooms', 3, '2019-02-14 17:46:20', '2019-02-14 17:46:20'),
(11, 3, 'Kitchen', 1, '2019-02-14 17:46:20', '2019-02-14 17:46:20'),
(12, 3, 'Attached washroom', 0, '2019-02-14 17:46:20', '2019-02-14 17:46:20'),
(13, 4, 'Washrooms', 1, '2019-02-14 21:15:53', '2019-02-15 02:45:53'),
(14, 4, 'Bedrooms', 2, '2019-02-14 21:15:53', '2019-02-15 02:45:53'),
(15, 4, 'Kitchen', 1, '2019-02-14 21:15:53', '2019-02-15 02:45:53'),
(16, 4, 'Attached washroom', 1, '2019-02-14 21:15:53', '2019-02-15 02:45:53'),
(17, 5, 'Washrooms', 3, '2019-02-14 19:09:54', '2019-02-14 19:09:54'),
(18, 5, 'Bedrooms', 7, '2019-02-14 19:09:54', '2019-02-14 19:09:54'),
(19, 5, 'Kitchen', 1, '2019-02-14 19:09:54', '2019-02-14 19:09:54'),
(20, 5, 'Attached washroom', 0, '2019-02-14 19:09:54', '2019-02-14 19:09:54'),
(21, 6, 'Washrooms', 2, '2019-02-14 19:21:17', '2019-02-14 19:21:17'),
(22, 6, 'Bedrooms', 2, '2019-02-14 19:21:17', '2019-02-14 19:21:17'),
(23, 6, 'Kitchen', 1, '2019-02-14 19:21:17', '2019-02-14 19:21:17'),
(24, 6, 'Attached washroom', 0, '2019-02-14 19:21:17', '2019-02-14 19:21:17'),
(25, 7, 'Washrooms', 2, '2019-02-14 19:32:40', '2019-02-14 19:32:40'),
(26, 7, 'Bedrooms', 4, '2019-02-14 19:32:40', '2019-02-14 19:32:40'),
(27, 7, 'Kitchen', 1, '2019-02-14 19:32:40', '2019-02-14 19:32:40'),
(28, 7, 'Attached washroom', 0, '2019-02-14 19:32:40', '2019-02-14 19:32:40'),
(29, 8, 'Washrooms', 2, '2019-02-14 21:22:50', '2019-02-15 02:52:50'),
(30, 8, 'Bedrooms', 5, '2019-02-14 21:22:50', '2019-02-15 02:52:50'),
(31, 8, 'Kitchen', 1, '2019-02-14 21:22:50', '2019-02-15 02:52:50'),
(32, 8, 'Attached washroom', 0, '2019-02-14 21:22:50', '2019-02-15 02:52:50'),
(33, 9, 'Washrooms', 3, '2019-02-14 19:52:35', '2019-02-14 19:52:35'),
(34, 9, 'Bedrooms', 5, '2019-02-14 19:52:35', '2019-02-14 19:52:35'),
(35, 9, 'Kitchen', 1, '2019-02-14 19:52:36', '2019-02-14 19:52:36'),
(36, 9, 'Attached washroom', 1, '2019-02-14 19:52:36', '2019-02-14 19:52:36'),
(37, 10, 'Washrooms', 2, '2019-02-14 20:02:04', '2019-02-14 20:02:04'),
(38, 10, 'Bedrooms', 3, '2019-02-14 20:02:04', '2019-02-14 20:02:04'),
(39, 10, 'Kitchen', 1, '2019-02-14 20:02:04', '2019-02-14 20:02:04'),
(40, 10, 'Attached washroom', 1, '2019-02-14 20:02:05', '2019-02-14 20:02:05'),
(41, 11, 'Washrooms', 1, '2019-02-14 20:19:12', '2019-02-14 20:19:12'),
(42, 11, 'Bedrooms', 3, '2019-02-14 20:19:12', '2019-02-14 20:19:12'),
(43, 11, 'Kitchen', 1, '2019-02-14 20:19:12', '2019-02-14 20:19:12'),
(44, 11, 'Attached washroom', 0, '2019-02-14 20:19:12', '2019-02-14 20:19:12'),
(45, 12, 'Washrooms', 4, '2019-02-14 20:37:42', '2019-02-14 20:37:42'),
(46, 12, 'Bedrooms', 2, '2019-02-14 20:37:42', '2019-02-14 20:37:42'),
(47, 12, 'Kitchen', 2, '2019-02-14 20:37:42', '2019-02-14 20:37:42'),
(48, 12, 'Attached washroom', 0, '2019-02-14 20:37:42', '2019-02-14 20:37:42'),
(49, 13, 'Washrooms', 5, '2019-02-15 00:25:41', '2019-02-15 00:25:41'),
(50, 13, 'Bedrooms', 10, '2019-02-15 00:25:41', '2019-02-15 00:25:41'),
(51, 13, 'Kitchen', 1, '2019-02-15 00:25:41', '2019-02-15 00:25:41'),
(52, 13, 'Attached washroom', 0, '2019-02-15 00:25:41', '2019-02-15 00:25:41'),
(53, 14, 'Washrooms', 2, '2019-02-15 00:36:54', '2019-02-15 00:36:54'),
(54, 14, 'Bedrooms', 11, '2019-02-15 00:36:54', '2019-02-15 00:36:54'),
(55, 14, 'Kitchen', 2, '2019-02-15 00:36:54', '2019-02-15 00:36:54'),
(56, 14, 'Attached washroom', 0, '2019-02-15 00:36:54', '2019-02-15 00:36:54'),
(57, 15, 'Washrooms', 2, '2019-02-15 00:52:35', '2019-02-15 00:52:35'),
(58, 15, 'Bedrooms', 10, '2019-02-15 00:52:35', '2019-02-15 00:52:35'),
(59, 15, 'Kitchen', 2, '2019-02-15 00:52:35', '2019-02-15 00:52:35'),
(60, 15, 'Attached washroom', 5, '2019-02-15 00:52:35', '2019-02-15 00:52:35'),
(61, 16, 'Washrooms', 6, '2019-02-15 01:29:26', '2019-02-15 01:29:26'),
(62, 16, 'Bedrooms', 12, '2019-02-15 01:29:26', '2019-02-15 01:29:26'),
(63, 16, 'Kitchen', 1, '2019-02-15 01:29:27', '2019-02-15 01:29:27'),
(64, 16, 'Attached washroom', 0, '2019-02-15 01:29:27', '2019-02-15 01:29:27'),
(65, 17, 'Washrooms', 6, '2019-02-15 01:33:00', '2019-02-15 01:33:00'),
(66, 17, 'Bedrooms', 10, '2019-02-15 01:33:00', '2019-02-15 01:33:00'),
(67, 17, 'Kitchen', 1, '2019-02-15 01:33:01', '2019-02-15 01:33:01'),
(68, 17, 'Attached washroom', 0, '2019-02-15 01:33:01', '2019-02-15 01:33:01'),
(69, 18, 'Washrooms', 2, '2019-02-15 01:50:33', '2019-02-15 01:50:33'),
(70, 18, 'Bedrooms', 4, '2019-02-15 01:50:34', '2019-02-15 01:50:34'),
(71, 18, 'Kitchen', 1, '2019-02-15 01:50:34', '2019-02-15 01:50:34'),
(72, 18, 'Attached washroom', 0, '2019-02-15 01:50:34', '2019-02-15 01:50:34'),
(73, 19, 'Washrooms', 1, '2019-02-15 01:58:48', '2019-02-15 01:58:48'),
(74, 19, 'Bedrooms', 5, '2019-02-15 01:58:48', '2019-02-15 01:58:48'),
(75, 19, 'Kitchen', 1, '2019-02-15 01:58:48', '2019-02-15 01:58:48'),
(76, 19, 'Attached washroom', 0, '2019-02-15 01:58:48', '2019-02-15 01:58:48'),
(81, 21, 'Attached washroom', 22, '2019-03-01 04:21:50', '2019-03-01 04:21:50'),
(82, 21, 'Bedroom', 2, '2019-03-01 04:21:50', '2019-03-01 04:21:50'),
(83, 21, 'Kitchen', 22, '2019-03-01 04:21:50', '2019-03-01 04:21:50'),
(84, 21, 'Washroom', 2, '2019-03-01 04:21:50', '2019-03-01 04:21:50'),
(85, 22, 'Attached washroom', 2, '2019-03-26 03:38:35', '2019-03-26 03:38:35'),
(86, 22, 'Bedroom', 4, '2019-03-26 03:38:35', '2019-03-26 03:38:35'),
(87, 22, 'Kitchen', 5, '2019-03-26 03:38:35', '2019-03-26 03:38:35'),
(88, 22, 'Washroom', 3, '2019-03-26 03:38:35', '2019-03-26 03:38:35'),
(89, 23, 'Attached washroom', 2, '2019-06-21 06:37:59', '2019-06-21 06:37:59'),
(90, 23, 'Bedroom', 2, '2019-06-21 06:37:59', '2019-06-21 06:37:59'),
(91, 23, 'Kitchen', 2, '2019-06-21 06:37:59', '2019-06-21 06:37:59'),
(92, 23, 'Washroom', 22, '2019-06-21 06:37:59', '2019-06-21 06:37:59'),
(93, 24, 'Attached washroom', 2, '2019-06-25 20:42:36', '2019-06-25 20:42:36'),
(94, 24, 'Bedroom', 22, '2019-06-25 20:42:36', '2019-06-25 20:42:36'),
(95, 24, 'Kitchen', 2, '2019-06-25 20:42:36', '2019-06-25 20:42:36'),
(96, 24, 'Washroom', 2, '2019-06-25 20:42:36', '2019-06-25 20:42:36'),
(97, 25, 'Attached washroom', 2, '2019-06-28 07:54:48', '2019-06-28 07:54:48'),
(98, 25, 'Bedroom', 2, '2019-06-28 07:54:48', '2019-06-28 07:54:48'),
(99, 25, 'Kitchen', 2, '2019-06-28 07:54:48', '2019-06-28 07:54:48'),
(100, 25, 'Washroom', 22, '2019-06-28 07:54:48', '2019-06-28 07:54:48');

-- --------------------------------------------------------

--
-- Table structure for table `users`
--

CREATE TABLE `users` (
  `id` int(10) UNSIGNED NOT NULL,
  `nicno` varchar(191) COLLATE utf8mb4_unicode_ci NOT NULL,
  `username` varchar(191) COLLATE utf8mb4_unicode_ci NOT NULL,
  `name` varchar(191) COLLATE utf8mb4_unicode_ci NOT NULL,
  `password` varchar(191) COLLATE utf8mb4_unicode_ci NOT NULL,
  `address` varchar(191) COLLATE utf8mb4_unicode_ci NOT NULL,
  `contactno` varchar(191) COLLATE utf8mb4_unicode_ci NOT NULL,
  `email` varchar(191) COLLATE utf8mb4_unicode_ci DEFAULT NULL,
  `profilepic` varchar(191) COLLATE utf8mb4_unicode_ci NOT NULL DEFAULT 'default.jpg',
  `remember_token` varchar(100) COLLATE utf8mb4_unicode_ci DEFAULT NULL,
  `created_at` timestamp NULL DEFAULT NULL,
  `updated_at` timestamp NULL DEFAULT NULL,
  `admin` tinyint(1) NOT NULL DEFAULT '0'
) ENGINE=InnoDB DEFAULT CHARSET=utf8mb4 COLLATE=utf8mb4_unicode_ci;

--
-- Dumping data for table `users`
--

INSERT INTO `users` (`id`, `nicno`, `username`, `name`, `password`, `address`, `contactno`, `email`, `profilepic`, `remember_token`, `created_at`, `updated_at`, `admin`) VALUES
(1, '963354312V', 'Sahan', 'H.M.S.D.Herath', '$2y$10$ecl0vIVtZ9W6kByiVwPd1O1xSLG.czEbZScLLX5ooIWvmPvRTLz8i', 'No.3/12, Nagahaella Road ,Mavilmada ,Kandy', '0764192310', 'sahand.herath@gmail.com', '1550597900.jpg', 'kj2CfPusgTLmE97LTHboLJiW4BxVQwlnRxTLB9SpaSpss8LAG8yQNxUZtZ82', '2019-01-30 02:04:18', '2019-06-23 15:10:50', 1),
(2, '721472760V', 'User1', 'Philip Dias', '$2y$10$nWNsAuogrpYUmghSRCd9U.fOiF32Km32Yn79YlP5w/F5CGQC7O9dK', 'School lane, Arukalmadam', '0776199670', 'Philip.dias@gmail.com', '1561111979.jpg', '7HuSZvCH7NgAyVt248yCGLOGzdbC70m8W1BHVqJDBVoSyWHYU5ZnS17gGeQ8', '2019-02-14 11:17:12', '2019-06-21 04:53:42', 0),
(3, '831141321V', 'Sahan', 'K. Kawsi', '$2y$10$QQ1qZRnsBpyQn.f8fSHb2uNhNzImwY5snWHfAXw4N2cJWYeNnAMFe', 'No. 214/12 ,Ramanathan Road ,Thinnavely ,Jaffna', '0779688421', 'kkawsi@gmail.com', '1550163521.PNG', 'p0TvszmPqHc8UQtPPNvOJFB0FR3vsBB0RDlPoVfJaKZTdeffs60tRo4HqZ1a', '2019-02-14 11:27:30', '2019-03-01 04:26:15', 0),
(4, '561253323V', 'user3', 'Subramaniyam Sothinathan', '$2y$10$/imBaxzmmsulK2N3MQwaSuI2y/NRZ/ulWQ8TGVmSWuLlo16zXQJ26', 'No. 531, Palaly Road ,Thinnavely ,Jaffna', '0212024444', 'sothi@gmail.com', '1550170588.png', 'BY3aVIBlOtSeDbmE88iBzES9bnKx5ict09odqOpPaEaWkqWW8eCjdooWNGkT', '2019-02-14 13:25:57', '2019-02-14 13:26:30', 0),
(5, '636221519V', 'User4', 'Rathikha Kanthi', '$2y$10$6/Sr1wHNOHbtomYgALhVuO1NUmZHj.TywVWLDHArUI7QoRB47iKQ2', '38/A ,2nd lane ,Nallur road ,Jaffna', '0776728006', 'rathika@gmail.com', '1550171643.jpg', 'yzqGmM6MqrUoCT6pRSHo39DneP1V8ThEkNofBTxRlj9tZy9SpjtgKiX8vBDo', '2019-02-14 13:43:10', '2019-02-14 13:44:03', 0),
(6, '571172315V', 'User5', 'P . Premkumar', '$2y$10$aPN4M0jmquUOplDUfMOEXuYoCZKZl5ThJnN.OwSyHIka.boXif8su', 'No .158 ,Potpathy Road ,Kokuvil ,East', '0763878319', 'ppkumar@gmail.com', '1550172392.jpg', 'knxRDkZ4VAx1F3jN4Bitbs5WqDuy4BXMT1sYEE8LtKcpcHV6gpE9NZc9lIke', '2019-02-14 13:55:57', '2019-02-14 13:56:33', 0),
(7, '551352113V', 'User6', 'Chinniah Thambirajan', '$2y$10$Yzaum1n6Z2dz2WMiYfWCGuV4pePSrRbi0pm/hnXtDzMM2ZaFUNcaC', 'Krishna Kanthan , KokuvilEast ,Kokuvil', '077832976', 'chinnaiah@gmail.com', '1550173019.jpg', '0wjdToU0plhXe9tEyns7CqHy3SUFp1Wv2PAulEkSva3PlifPZp0tyDW5KQlN', '2019-02-14 14:06:22', '2019-02-14 14:06:59', 0),
(8, '651231911V', 'User7', 'R. Sandeshwaren', '$2y$10$4UWObdYgLSl47EnNv2ZwJ.MgfM9vfM6rLCzX4hvapZLN2PoDuEllC', 'No .72/26 ,Panikkar Valavu Lane ,Thinnavely', '0772794459', 'rsandeshwaran@gmail.com', '1550173596.jpg', 'Z8U1W6Pr0p5F1kstK5DVbfyPLNLODBorng4RVeeXrf87cBN0w0RpylQpx2oR', '2019-02-14 14:15:47', '2019-02-14 14:16:37', 0),
(9, '470954620V', 'User8', 'Kanagu Mahendran', '$2y$10$0ovLzNh97uP54UHeHqDIO.VRF6oJE0U6egeEM1tydBUytr.nksNYa', 'No.96 ,Campus lane ,Thirunelvely ,Jaffna', '0779292896', 'kanagu@gmail.com', '1550174144.jpg', 'o7HvvLniLkbRELLPdJ4TgnWSEjplYxMPuZnQeFvWsCTpsUFNq31G4lhYw3kI', '2019-02-14 14:25:11', '2019-02-14 14:25:45', 0),
(10, '722121311V', 'User9', 'Pullair  sankar', '$2y$10$8Pjq6jln8IPYY0bok3HeKO9aYuhNCyWPes1T7AxhXeImr6qRs3mZ2', 'No 165 ,Palaly Road ,Jaffna', '0710116555', 'pullair.r@gmail.com', '1550175112.jpg', 'MilKDDcuU1YH4tXeHJL3tL1lz7JoPWTyi0fwtk4hEXZoypr2tgm6rJCYJ5wF', '2019-02-14 14:38:03', '2019-02-14 14:41:53', 0),
(11, '705243143V', 'User10', 'T. C. Thushanthan', '$2y$10$Hj0FyvL2e3UvBB30HTPxLe95h/z9.qDmvHk2tkpe0xV6XHvmbXVbG', 'No .87/c ,Campus lane ,Jaffna', '0719072303', 'thushan@gmail.com', '1550176151.jpg', NULL, '2019-02-14 14:58:35', '2019-02-14 14:59:12', 0),
(12, '782331523V', 'User11', 'S.Sivaraj', '$2y$10$Wl0gGO6uuS8S2haQTsf/1OkAurjmzvjkM22iBdS1JxTKQqMAM24cq', 'No.53 ,Nunavil Ella Lane , Chavakachcheri ,Jaffna', '0770078535', 'sivarai78@gmail.com', '1550188988.PNG', '515ixWcaxpvlvO2sEeGHdIzPo0LRCA9KnoPOp1ilJ4ved5JmAnLTj5FlYHU2', '2019-02-14 18:32:19', '2019-02-14 18:33:08', 0),
(13, '7417729106V', 'User12', 'Nataraja Sivanthan', '$2y$10$.p5D4sbyTjYCc2fKl9Ixles4fOgdmSzBYBl41Tv0HQTew.AX.KLy6', 'Meesalai Nagenahira ,Meesalai ,Jaffna', '0776338081', 'natarajas@gmail.com', '1550190723.png', 'U5pX91uLs66trmB4qR538Ukb3TBnYp4bDx9gReRC6HaIppcaDskTKoHlbua4', '2019-02-14 18:58:44', '2019-02-14 19:02:03', 0),
(14, '778331312V', 'User13', 'Rupan', '$2y$10$lwrbHpcuNlZvmh7M3cO6neW0L9sqv.A1ctgCfHmUDBD5Xil3zKoeO', 'campus lane ,Thinnaveli ,Jaffna', '0764003796', 'rupan@gmail.com', '1550191297.png', 'xMrRucpCivXEpeuNvG7uxH6dW8P299BRR8DAt5AnVoqAfbNLhbuH57DM5tK1', '2019-02-14 19:11:08', '2019-02-14 19:11:37', 0),
(15, '76173521V', 'User14', 'Ganeshan', '$2y$10$Z7wfGW0Jizk6TvqhaAZBuOQFhjLlkYdCmNGcvrwY8gmTpuadjqHuy', 'No 18,Adiyapatham Road, Kokuvil East ,Kokuvil', '0775936435', 'ganeshan@gmail.com', '1550193829.jpg', 'TggHgUiuQBaQpMAGLi3tlq5QCcD6rBNEh7aEcDheNJYu7JzgUDObElyFy2nO', '2019-02-14 19:52:05', '2019-02-14 19:53:49', 0),
(16, '802221513V', 'User15', 'N .Thangavel', '$2y$10$MnVQ0cg6/zIyKe5L.EUPEuddOErdSLhcYfbGoHOD0vYfk6DNJMZ52', 'no 34/1,Parameswaren Road, Thorunelvely ,Jaffna', '0718474929', 'thangavel@gmail.com', '1550194885.jpg', '80FM4q12BbYDJEqppc1HwjW75wpM0kCHBe1XZAfgKaqMzvGblJdVIlnGxzVr', '2019-02-14 20:06:02', '2019-02-14 20:11:25', 0),
(17, '651131523V', 'User16', 'Krishnamurthi Raj', '$2y$10$hpcAhjKBEqwmXM.xkgXOdecjGRmRr4GyTXtBmY013Rxot4IKzGWyS', 'No 11,pirampady lane Thalaiyadi Kokuvil east Kokuvil', '0772315123', 'kmurthi@gmail.com', '1550195612.jpg', 'bOverNZxouVBehrkWkc3Bg7q3ZFRhu0DbP5hxY9irhxy89JADYb4m1VZ1PLV', '2019-02-14 20:22:58', '2019-02-14 20:23:32', 0),
(19, '967653500v', 'ajanthy', 'aja', '$2y$10$03aJSlbP5dsP4mHzavdjve235KzwUllSH2ligYHV3nMuEkDzjPPpa', '421/89,T.B.jayah mw colombo-10', '0776698716', 'ajanthyjaya@gmail.com', '1551430673.jpg', '8bGwrTakwuASgx4dWuyXA3JkWtUTmTAQysFjiQe5wrgzS0UHmgX7VCpSHgY2', '2019-03-01 03:27:13', '2019-03-01 03:27:54', 1),
(21, '976543210v', 'Anuka', 'Anuka', '$2y$10$GwJCZdfba5THZaucEKluSOHBb4UuPN2.1LykaE/alqEsBlWqVoPAG', 'Colombo', '0779688421', 'teamaconite5@gmail.com', 'default.jpg', 'GRrXe1SioXFSkQ26eed5H5rh8C48HDGKCjEGGXL6HF7Szsbmhk8ijbwo6JZT', '2019-03-01 03:44:16', '2019-03-01 03:44:16', 1),
(22, '976543210v', 'sahna', 'saga', '$2y$10$olSvLnn7ld1NobOtFDDjh.Gvqig5vVixkY3VvLRN7yp1FfEAhl4d.', 'No. 214/12,Ramanathan Road,Thinnavely, Jaffna', '0212024444', 'ajanthyjaya@lsal.com', '1551433828.jpg', 'MBl3OoATrAbodma3tAL2IFXL9wBS9beGrjnA32E0XTvuBfP2iMtCva0uw2b5', '2019-03-01 04:20:03', '2019-03-01 04:20:28', 0),
(23, '963354345V', 'Shamith', 'Shamith athauda', '$2y$10$dGZReInD2nAbiLMbk/uAaOBXj7MeUhcGzFO7Vv5I3IaSIQ.8h5tKO', 'no. 3 , maravila puttalama', '0714192310', 'shamithathauda@gmail.com', 'default.jpg', NULL, '2019-06-21 06:03:19', '2019-06-21 06:03:19', 0),
(24, '721472761V', 'Sumudu', 'sumudu nanayakkara', '$2y$10$wXCSEpDLJ3X6GI8PsulqB.UJxFl867YKRrAZV0uwPb3Lp8cE4.q0a', 'No.2/12, Nagahaella Road ,Mavilmada ,Kandy', '0764192312', 'sumudu@gmail.com', 'default.jpg', NULL, '2019-06-23 13:38:21', '2019-06-23 13:38:21', 0),
(32, '721472721V', 'Nethmi', 'Nethmi Herath', '$2y$10$ne4AMsUezgE0.bX5QINzReRNEWERSh7PI6d67Wq2pZCVvKE8z8dz.', 'No 165 ,Palaly Road ,Ja', '0764192', 'ubsjaffna@gmail.com', 'default.jpg', NULL, '2019-06-24 04:08:41', '2019-06-24 04:08:41', 1);

-- --------------------------------------------------------

--
-- Table structure for table `user_comments`
--

CREATE TABLE `user_comments` (
  `mail_id` int(11) NOT NULL,
  `user_email` varchar(191) COLLATE utf8_unicode_ci NOT NULL,
  `no_of_comments` int(11) NOT NULL,
  `no_of_blocked` int(11) NOT NULL DEFAULT '0',
  `blocked` int(11) NOT NULL DEFAULT '0',
  `created_at` timestamp NOT NULL DEFAULT CURRENT_TIMESTAMP ON UPDATE CURRENT_TIMESTAMP,
  `updated_at` timestamp NOT NULL DEFAULT CURRENT_TIMESTAMP ON UPDATE CURRENT_TIMESTAMP
) ENGINE=InnoDB DEFAULT CHARSET=utf8 COLLATE=utf8_unicode_ci;
-- Error reading data for table laravelfinalhope.user_comments: #1064 - You have an error in your SQL syntax; check the manual that corresponds to your MariaDB server version for the right syntax to use near 'FROM `laravelfinalhope`.`user_comments`' at line 1

--
-- Indexes for dumped tables
--

--
-- Indexes for table `boardings`
--
ALTER TABLE `boardings`
  ADD PRIMARY KEY (`id`),
  ADD KEY `id` (`user_id`);

--
-- Indexes for table `boarding_ratings`
--
ALTER TABLE `boarding_ratings`
  ADD PRIMARY KEY (`boarding_id`);

--
-- Indexes for table `charges`
--
ALTER TABLE `charges`
  ADD PRIMARY KEY (`id`);

--
-- Indexes for table `comments`
--
ALTER TABLE `comments`
  ADD PRIMARY KEY (`id`),
  ADD KEY `boarding_id` (`boarding_id`) USING BTREE;

--
-- Indexes for table `complains`
--
ALTER TABLE `complains`
  ADD PRIMARY KEY (`complain_id`);

--
-- Indexes for table `facilities`
--
ALTER TABLE `facilities`
  ADD PRIMARY KEY (`id`);

--
-- Indexes for table `migrations`
--
ALTER TABLE `migrations`
  ADD PRIMARY KEY (`id`);

--
-- Indexes for table `password_resets`
--
ALTER TABLE `password_resets`
  ADD KEY `password_resets_email_index` (`email`);

--
-- Indexes for table `pictures`
--
ALTER TABLE `pictures`
  ADD PRIMARY KEY (`id`);

--
-- Indexes for table `ratings`
--
ALTER TABLE `ratings`
  ADD PRIMARY KEY (`rate_id`);

--
-- Indexes for table `rooms`
--
ALTER TABLE `rooms`
  ADD PRIMARY KEY (`id`);

--
-- Indexes for table `users`
--
ALTER TABLE `users`
  ADD PRIMARY KEY (`id`),
  ADD UNIQUE KEY `users_email_unique` (`email`);

--
-- Indexes for table `user_comments`
--
ALTER TABLE `user_comments`
  ADD PRIMARY KEY (`mail_id`);

--
-- AUTO_INCREMENT for dumped tables
--

--
-- AUTO_INCREMENT for table `boardings`
--
ALTER TABLE `boardings`
  MODIFY `id` int(11) NOT NULL AUTO_INCREMENT, AUTO_INCREMENT=26;

--
-- AUTO_INCREMENT for table `charges`
--
ALTER TABLE `charges`
  MODIFY `id` int(11) NOT NULL AUTO_INCREMENT, AUTO_INCREMENT=76;

--
-- AUTO_INCREMENT for table `comments`
--
ALTER TABLE `comments`
  MODIFY `id` int(11) NOT NULL AUTO_INCREMENT, AUTO_INCREMENT=17;

--
-- AUTO_INCREMENT for table `complains`
--
ALTER TABLE `complains`
  MODIFY `complain_id` int(11) NOT NULL AUTO_INCREMENT, AUTO_INCREMENT=18;

--
-- AUTO_INCREMENT for table `facilities`
--
ALTER TABLE `facilities`
  MODIFY `id` int(11) NOT NULL AUTO_INCREMENT, AUTO_INCREMENT=151;

--
-- AUTO_INCREMENT for table `migrations`
--
ALTER TABLE `migrations`
  MODIFY `id` int(10) UNSIGNED NOT NULL AUTO_INCREMENT, AUTO_INCREMENT=3;

--
-- AUTO_INCREMENT for table `pictures`
--
ALTER TABLE `pictures`
  MODIFY `id` int(11) NOT NULL AUTO_INCREMENT, AUTO_INCREMENT=118;

--
-- AUTO_INCREMENT for table `ratings`
--
ALTER TABLE `ratings`
  MODIFY `rate_id` int(11) NOT NULL AUTO_INCREMENT, AUTO_INCREMENT=11;

--
-- AUTO_INCREMENT for table `rooms`
--
ALTER TABLE `rooms`
  MODIFY `id` int(11) NOT NULL AUTO_INCREMENT, AUTO_INCREMENT=101;

--
-- AUTO_INCREMENT for table `users`
--
ALTER TABLE `users`
  MODIFY `id` int(10) UNSIGNED NOT NULL AUTO_INCREMENT, AUTO_INCREMENT=33;

--
-- AUTO_INCREMENT for table `user_comments`
--
ALTER TABLE `user_comments`
  MODIFY `mail_id` int(11) NOT NULL AUTO_INCREMENT, AUTO_INCREMENT=5;
COMMIT;

/*!40101 SET CHARACTER_SET_CLIENT=@OLD_CHARACTER_SET_CLIENT */;
/*!40101 SET CHARACTER_SET_RESULTS=@OLD_CHARACTER_SET_RESULTS */;
/*!40101 SET COLLATION_CONNECTION=@OLD_COLLATION_CONNECTION */;
